{
  "accuracy": 0.7987694534925806,
  "precision_no_show": 0.511742892459827,
  "recall_no_show": 0.074206847105216,
  "f1_no_show": 0.12961803381340012,
  "roc_auc": 0.7259771826020582,
  "confusion_matrix": [
    [
      21656,
      395
    ],
    [
      5165,
      414
    ]
  ],
  "n_test": 27630
}